eid,seed,rtype,rsize,subject,medical,forgetting
E02_s0,0,none,0,abstract_algebra,False,-0.07999999999999996
E02_s0,0,none,0,anatomy,True,-0.014814814814814836
E02_s0,0,none,0,astronomy,False,-0.019736842105263164
E02_s0,0,none,0,business_ethics,False,-0.039999999999999925
E02_s0,0,none,0,clinical_knowledge,True,-0.007547169811320753
E02_s0,0,none,0,college_biology,True,-0.02083333333333326
E02_s0,0,none,0,college_chemistry,False,-0.030000000000000027
E02_s0,0,none,0,college_computer_science,False,-0.040000000000000036
E02_s0,0,none,0,college_mathematics,False,-0.05999999999999994
E02_s0,0,none,0,college_medicine,True,0.011560693641618491
E02_s0,0,none,0,college_physics,False,-0.02941176470588236
E02_s0,0,none,0,computer_security,False,0.0
E02_s0,0,none,0,conceptual_physics,False,-0.025531914893617058
E02_s0,0,none,0,econometrics,False,-0.052631578947368474
E02_s0,0,none,0,electrical_engineering,False,-0.006896551724137945
E02_s0,0,none,0,elementary_mathematics,False,-0.03968253968253965
E02_s0,0,none,0,formal_logic,False,-0.023809523809523836
E02_s0,0,none,0,global_facts,False,-0.030000000000000027
E02_s0,0,none,0,high_school_biology,False,0.012903225806451646
E02_s0,0,none,0,high_school_chemistry,False,-0.009852216748768461
E02_s0,0,none,0,high_school_computer_science,False,-0.050000000000000044
E02_s0,0,none,0,high_school_european_history,False,-0.36969696969696975
E02_s0,0,none,0,high_school_geography,False,0.015151515151515138
E02_s0,0,none,0,high_school_government_and_politics,False,-0.015544041450777146
E02_s0,0,none,0,high_school_macroeconomics,False,-0.048717948717948656
E02_s0,0,none,0,high_school_mathematics,False,-0.01851851851851849
E02_s0,0,none,0,high_school_microeconomics,False,-0.008403361344537785
E02_s0,0,none,0,high_school_physics,False,-0.019867549668874163
E02_s0,0,none,0,high_school_psychology,False,-0.00917431192660556
E02_s0,0,none,0,high_school_statistics,False,-0.00462962962962965
E02_s0,0,none,0,high_school_us_history,False,-0.25
E02_s0,0,none,0,high_school_world_history,False,-0.30801687763713076
E02_s0,0,none,0,human_aging,True,0.0
E02_s0,0,none,0,human_sexuality,True,-0.05343511450381677
E02_s0,0,none,0,international_law,False,-0.05785123966942152
E02_s0,0,none,0,jurisprudence,False,-0.0092592592592593
E02_s0,0,none,0,logical_fallacies,False,-0.042944785276073594
E02_s0,0,none,0,machine_learning,False,-0.0535714285714286
E02_s0,0,none,0,management,False,0.009708737864077666
E02_s0,0,none,0,marketing,False,-0.008547008547008517
E02_s0,0,none,0,medical_genetics,True,-0.020000000000000018
E02_s0,0,none,0,miscellaneous,False,-0.026819923371647514
E02_s0,0,none,0,moral_disputes,False,0.026011560693641633
E02_s0,0,none,0,moral_scenarios,False,-0.3240223463687151
E02_s0,0,none,0,nutrition,False,-0.009803921568627416
E02_s0,0,none,0,philosophy,False,-0.04180064308681675
E02_s0,0,none,0,prehistory,False,-0.02777777777777768
E02_s0,0,none,0,professional_accounting,False,-0.01773049645390079
E02_s0,0,none,0,professional_law,False,-0.07627118644067798
E02_s0,0,none,0,professional_medicine,True,-0.003676470588235281
E02_s0,0,none,0,professional_psychology,False,-0.019607843137254943
E02_s0,0,none,0,public_relations,False,-0.018181818181818188
E02_s0,0,none,0,security_studies,False,-0.18367346938775508
E02_s0,0,none,0,sociology,False,0.00497512437810943
E02_s0,0,none,0,us_foreign_policy,False,0.030000000000000027
E02_s0,0,none,0,virology,True,-0.03614457831325302
E02_s0,0,none,0,world_religions,False,-0.01754385964912286
E09_s0,0,real,50,abstract_algebra,False,-0.08999999999999997
E09_s0,0,real,50,anatomy,True,0.007407407407407418
E09_s0,0,real,50,astronomy,False,-0.039473684210526216
E09_s0,0,real,50,business_ethics,False,-0.029999999999999916
E09_s0,0,real,50,clinical_knowledge,True,-0.01132075471698113
E09_s0,0,real,50,college_biology,True,-0.02777777777777768
E09_s0,0,real,50,college_chemistry,False,-0.040000000000000036
E09_s0,0,real,50,college_computer_science,False,-0.06000000000000005
E09_s0,0,real,50,college_mathematics,False,0.0
E09_s0,0,real,50,college_medicine,True,0.01734104046242768
E09_s0,0,real,50,college_physics,False,-0.02941176470588236
E09_s0,0,real,50,computer_security,False,0.0
E09_s0,0,real,50,conceptual_physics,False,-0.029787234042553234
E09_s0,0,real,50,econometrics,False,-0.07894736842105265
E09_s0,0,real,50,electrical_engineering,False,-0.006896551724137945
E09_s0,0,real,50,elementary_mathematics,False,-0.05820105820105825
E09_s0,0,real,50,formal_logic,False,-0.03968253968253965
E09_s0,0,real,50,global_facts,False,-0.06000000000000005
E09_s0,0,real,50,high_school_biology,False,0.00967741935483879
E09_s0,0,real,50,high_school_chemistry,False,0.0049261083743842304
E09_s0,0,real,50,high_school_computer_science,False,-0.050000000000000044
E09_s0,0,real,50,high_school_european_history,False,-0.38181818181818183
E09_s0,0,real,50,high_school_geography,False,0.010101010101010055
E09_s0,0,real,50,high_school_government_and_politics,False,-0.01036269430051806
E09_s0,0,real,50,high_school_macroeconomics,False,-0.05128205128205121
E09_s0,0,real,50,high_school_mathematics,False,-0.025925925925925908
E09_s0,0,real,50,high_school_microeconomics,False,-0.01680672268907557
E09_s0,0,real,50,high_school_physics,False,-0.03311258278145701
E09_s0,0,real,50,high_school_psychology,False,-0.012844036697247763
E09_s0,0,real,50,high_school_statistics,False,-0.02314814814814814
E09_s0,0,real,50,high_school_us_history,False,-0.2450980392156863
E09_s0,0,real,50,high_school_world_history,False,-0.3164556962025316
E09_s0,0,real,50,human_aging,True,0.013452914798206317
E09_s0,0,real,50,human_sexuality,True,-0.022900763358778664
E09_s0,0,real,50,international_law,False,-0.03305785123966942
E09_s0,0,real,50,jurisprudence,False,-0.01851851851851849
E09_s0,0,real,50,logical_fallacies,False,-0.036809815950920255
E09_s0,0,real,50,machine_learning,False,-0.0267857142857143
E09_s0,0,real,50,management,False,0.009708737864077666
E09_s0,0,real,50,marketing,False,-0.017094017094017033
E09_s0,0,real,50,medical_genetics,True,0.0
E09_s0,0,real,50,miscellaneous,False,-0.025542784163473775
E09_s0,0,real,50,moral_disputes,False,0.0028901734104045396
E09_s0,0,real,50,moral_scenarios,False,-0.3307262569832402
E09_s0,0,real,50,nutrition,False,-0.013071895424836555
E09_s0,0,real,50,philosophy,False,-0.05144694533762062
E09_s0,0,real,50,prehistory,False,-0.024691358024691357
E09_s0,0,real,50,professional_accounting,False,-0.014184397163120588
E09_s0,0,real,50,professional_law,False,-0.08148631029986964
E09_s0,0,real,50,professional_medicine,True,0.007352941176470673
E09_s0,0,real,50,professional_psychology,False,-0.02450980392156865
E09_s0,0,real,50,public_relations,False,-0.018181818181818188
E09_s0,0,real,50,security_studies,False,-0.19183673469387752
E09_s0,0,real,50,sociology,False,-0.014925373134328401
E09_s0,0,real,50,us_foreign_policy,False,0.0
E09_s0,0,real,50,virology,True,-0.030120481927710885
E09_s0,0,real,50,world_religions,False,-0.01754385964912286
E10_s0,0,real,100,abstract_algebra,False,-0.10999999999999999
E10_s0,0,real,100,anatomy,True,0.0
E10_s0,0,real,100,astronomy,False,-0.019736842105263164
E10_s0,0,real,100,business_ethics,False,-0.010000000000000009
E10_s0,0,real,100,clinical_knowledge,True,-0.0037735849056603765
E10_s0,0,real,100,college_biology,True,-0.00694444444444442
E10_s0,0,real,100,college_chemistry,False,-0.07000000000000006
E10_s0,0,real,100,college_computer_science,False,-0.040000000000000036
E10_s0,0,real,100,college_mathematics,False,-0.030000000000000027
E10_s0,0,real,100,college_medicine,True,-0.017341040462427793
E10_s0,0,real,100,college_physics,False,0.0
E10_s0,0,real,100,computer_security,False,0.0
E10_s0,0,real,100,conceptual_physics,False,-0.025531914893617058
E10_s0,0,real,100,econometrics,False,-0.07017543859649122
E10_s0,0,real,100,electrical_engineering,False,-0.006896551724137945
E10_s0,0,real,100,elementary_mathematics,False,-0.03968253968253965
E10_s0,0,real,100,formal_logic,False,0.015873015873015817
E10_s0,0,real,100,global_facts,False,-0.010000000000000009
E10_s0,0,real,100,high_school_biology,False,0.00967741935483879
E10_s0,0,real,100,high_school_chemistry,False,0.009852216748768461
E10_s0,0,real,100,high_school_computer_science,False,-0.040000000000000036
E10_s0,0,real,100,high_school_european_history,False,-0.37575757575757573
E10_s0,0,real,100,high_school_geography,False,0.005050505050504972
E10_s0,0,real,100,high_school_government_and_politics,False,-0.015544041450777146
E10_s0,0,real,100,high_school_macroeconomics,False,-0.0641025641025641
E10_s0,0,real,100,high_school_mathematics,False,-0.025925925925925908
E10_s0,0,real,100,high_school_microeconomics,False,-0.008403361344537785
E10_s0,0,real,100,high_school_physics,False,-0.06622516556291391
E10_s0,0,real,100,high_school_psychology,False,-0.003669724770642202
E10_s0,0,real,100,high_school_statistics,False,-0.02777777777777779
E10_s0,0,real,100,high_school_us_history,False,-0.25
E10_s0,0,real,100,high_school_world_history,False,-0.32489451476793246
E10_s0,0,real,100,human_aging,True,-0.004484304932735439
E10_s0,0,real,100,human_sexuality,True,-0.01526717557251911
E10_s0,0,real,100,international_law,False,-0.03305785123966942
E10_s0,0,real,100,jurisprudence,False,0.00925925925925919
E10_s0,0,real,100,logical_fallacies,False,-0.030674846625766805
E10_s0,0,real,100,machine_learning,False,-0.017857142857142905
E10_s0,0,real,100,management,False,0.0
E10_s0,0,real,100,marketing,False,-0.017094017094017033
E10_s0,0,real,100,medical_genetics,True,-0.010000000000000009
E10_s0,0,real,100,miscellaneous,False,-0.03192848020434225
E10_s0,0,real,100,moral_disputes,False,0.01734104046242768
E10_s0,0,real,100,moral_scenarios,False,-0.3217877094972067
E10_s0,0,real,100,nutrition,False,-0.006535947712418277
E10_s0,0,real,100,philosophy,False,-0.048231511254019366
E10_s0,0,real,100,prehistory,False,-0.030864197530864113
E10_s0,0,real,100,professional_accounting,False,0.0
E10_s0,0,real,100,professional_law,False,-0.0853976531942634
E10_s0,0,real,100,professional_medicine,True,0.02941176470588236
E10_s0,0,real,100,professional_psychology,False,-0.019607843137254943
E10_s0,0,real,100,public_relations,False,-0.036363636363636376
E10_s0,0,real,100,security_studies,False,-0.21224489795918366
E10_s0,0,real,100,sociology,False,0.01492537313432829
E10_s0,0,real,100,us_foreign_policy,False,0.010000000000000009
E10_s0,0,real,100,virology,True,-0.0060240963855421326
E10_s0,0,real,100,world_religions,False,-0.023391812865497075
E11_s0,0,endogenous,100,abstract_algebra,False,-0.07999999999999996
E11_s0,0,endogenous,100,anatomy,True,-0.007407407407407418
E11_s0,0,endogenous,100,astronomy,False,-0.006578947368421018
E11_s0,0,endogenous,100,business_ethics,False,-0.029999999999999916
E11_s0,0,endogenous,100,clinical_knowledge,True,-0.01132075471698113
E11_s0,0,endogenous,100,college_biology,True,0.01388888888888895
E11_s0,0,endogenous,100,college_chemistry,False,-0.030000000000000027
E11_s0,0,endogenous,100,college_computer_science,False,-0.010000000000000009
E11_s0,0,endogenous,100,college_mathematics,False,0.010000000000000009
E11_s0,0,endogenous,100,college_medicine,True,-0.011560693641618491
E11_s0,0,endogenous,100,college_physics,False,0.009803921568627527
E11_s0,0,endogenous,100,computer_security,False,-0.010000000000000009
E11_s0,0,endogenous,100,conceptual_physics,False,-0.029787234042553234
E11_s0,0,endogenous,100,econometrics,False,-0.06140350877192979
E11_s0,0,endogenous,100,electrical_engineering,False,-0.03448275862068961
E11_s0,0,endogenous,100,elementary_mathematics,False,-0.04761904761904767
E11_s0,0,endogenous,100,formal_logic,False,-0.007936507936507908
E11_s0,0,endogenous,100,global_facts,False,-0.040000000000000036
E11_s0,0,endogenous,100,high_school_biology,False,-0.006451612903225823
E11_s0,0,endogenous,100,high_school_chemistry,False,0.009852216748768461
E11_s0,0,endogenous,100,high_school_computer_science,False,-0.040000000000000036
E11_s0,0,endogenous,100,high_school_european_history,False,-0.36969696969696975
E11_s0,0,endogenous,100,high_school_geography,False,0.015151515151515138
E11_s0,0,endogenous,100,high_school_government_and_politics,False,-0.01036269430051806
E11_s0,0,endogenous,100,high_school_macroeconomics,False,-0.048717948717948656
E11_s0,0,endogenous,100,high_school_mathematics,False,-0.04444444444444451
E11_s0,0,endogenous,100,high_school_microeconomics,False,-0.021008403361344463
E11_s0,0,endogenous,100,high_school_physics,False,-0.03311258278145701
E11_s0,0,endogenous,100,high_school_psychology,False,-0.007339449541284404
E11_s0,0,endogenous,100,high_school_statistics,False,-0.0185185185185186
E11_s0,0,endogenous,100,high_school_us_history,False,-0.2450980392156863
E11_s0,0,endogenous,100,high_school_world_history,False,-0.3333333333333333
E11_s0,0,endogenous,100,human_aging,True,0.0
E11_s0,0,endogenous,100,human_sexuality,True,-0.03053435114503822
E11_s0,0,endogenous,100,international_law,False,0.0
E11_s0,0,endogenous,100,jurisprudence,False,0.01851851851851849
E11_s0,0,endogenous,100,logical_fallacies,False,-0.036809815950920255
E11_s0,0,endogenous,100,machine_learning,False,-0.044642857142857095
E11_s0,0,endogenous,100,management,False,-0.009708737864077666
E11_s0,0,endogenous,100,marketing,False,-0.008547008547008517
E11_s0,0,endogenous,100,medical_genetics,True,-0.020000000000000018
E11_s0,0,endogenous,100,miscellaneous,False,-0.025542784163473775
E11_s0,0,endogenous,100,moral_disputes,False,0.014450867052023142
E11_s0,0,endogenous,100,moral_scenarios,False,-0.3217877094972067
E11_s0,0,endogenous,100,nutrition,False,-0.006535947712418277
E11_s0,0,endogenous,100,philosophy,False,-0.048231511254019366
E11_s0,0,endogenous,100,prehistory,False,-0.01851851851851849
E11_s0,0,endogenous,100,professional_accounting,False,0.007092198581560294
E11_s0,0,endogenous,100,professional_law,False,-0.07692307692307698
E11_s0,0,endogenous,100,professional_medicine,True,0.018382352941176516
E11_s0,0,endogenous,100,professional_psychology,False,-0.017973856209150374
E11_s0,0,endogenous,100,public_relations,False,-0.00909090909090915
E11_s0,0,endogenous,100,security_studies,False,-0.1959183673469388
E11_s0,0,endogenous,100,sociology,False,0.00995024875621886
E11_s0,0,endogenous,100,us_foreign_policy,False,0.0
E11_s0,0,endogenous,100,virology,True,-0.0060240963855421326
E11_s0,0,endogenous,100,world_religions,False,-0.01754385964912286
E02_s7,7,none,0,abstract_algebra,False,-0.13
E02_s7,7,none,0,anatomy,True,-0.014814814814814836
E02_s7,7,none,0,astronomy,False,-0.02631578947368418
E02_s7,7,none,0,business_ethics,False,-0.010000000000000009
E02_s7,7,none,0,clinical_knowledge,True,0.0037735849056603765
E02_s7,7,none,0,college_biology,True,-0.00694444444444442
E02_s7,7,none,0,college_chemistry,False,-0.020000000000000018
E02_s7,7,none,0,college_computer_science,False,-0.030000000000000027
E02_s7,7,none,0,college_mathematics,False,-0.040000000000000036
E02_s7,7,none,0,college_medicine,True,0.01734104046242768
E02_s7,7,none,0,college_physics,False,0.019607843137254943
E02_s7,7,none,0,computer_security,False,0.0
E02_s7,7,none,0,conceptual_physics,False,-0.021276595744680882
E02_s7,7,none,0,econometrics,False,-0.08771929824561409
E02_s7,7,none,0,electrical_engineering,False,-0.020689655172413723
E02_s7,7,none,0,elementary_mathematics,False,-0.042328042328042326
E02_s7,7,none,0,formal_logic,False,-0.03968253968253965
E02_s7,7,none,0,global_facts,False,-0.06000000000000005
E02_s7,7,none,0,high_school_biology,False,0.012903225806451646
E02_s7,7,none,0,high_school_chemistry,False,0.0
E02_s7,7,none,0,high_school_computer_science,False,-0.040000000000000036
E02_s7,7,none,0,high_school_european_history,False,-0.38181818181818183
E02_s7,7,none,0,high_school_geography,False,0.02020202020202011
E02_s7,7,none,0,high_school_government_and_politics,False,-0.005181347150259086
E02_s7,7,none,0,high_school_macroeconomics,False,-0.05128205128205121
E02_s7,7,none,0,high_school_mathematics,False,0.0
E02_s7,7,none,0,high_school_microeconomics,False,-0.01680672268907557
E02_s7,7,none,0,high_school_physics,False,-0.019867549668874163
E02_s7,7,none,0,high_school_psychology,False,-0.00917431192660556
E02_s7,7,none,0,high_school_statistics,False,-0.01388888888888895
E02_s7,7,none,0,high_school_us_history,False,-0.25
E02_s7,7,none,0,high_school_world_history,False,-0.31223628691983124
E02_s7,7,none,0,human_aging,True,-0.013452914798206317
E02_s7,7,none,0,human_sexuality,True,-0.01526717557251911
E02_s7,7,none,0,international_law,False,-0.05785123966942152
E02_s7,7,none,0,jurisprudence,False,0.0
E02_s7,7,none,0,logical_fallacies,False,-0.04907975460122693
E02_s7,7,none,0,machine_learning,False,-0.0357142857142857
E02_s7,7,none,0,management,False,0.03883495145631077
E02_s7,7,none,0,marketing,False,0.0
E02_s7,7,none,0,medical_genetics,True,-0.010000000000000009
E02_s7,7,none,0,miscellaneous,False,-0.026819923371647514
E02_s7,7,none,0,moral_disputes,False,0.011560693641618491
E02_s7,7,none,0,moral_scenarios,False,-0.3452513966480447
E02_s7,7,none,0,nutrition,False,-0.016339869281045694
E02_s7,7,none,0,philosophy,False,-0.05787781350482324
E02_s7,7,none,0,prehistory,False,-0.03703703703703698
E02_s7,7,none,0,professional_accounting,False,-0.01773049645390079
E02_s7,7,none,0,professional_law,False,-0.08148631029986964
E02_s7,7,none,0,professional_medicine,True,0.044117647058823595
E02_s7,7,none,0,professional_psychology,False,-0.037581699346405206
E02_s7,7,none,0,public_relations,False,-0.018181818181818188
E02_s7,7,none,0,security_studies,False,-0.1959183673469388
E02_s7,7,none,0,sociology,False,-0.00497512437810943
E02_s7,7,none,0,us_foreign_policy,False,0.010000000000000009
E02_s7,7,none,0,virology,True,-0.030120481927710885
E02_s7,7,none,0,world_religions,False,-0.01754385964912286
E09_s7,7,real,50,abstract_algebra,False,-0.10999999999999999
E09_s7,7,real,50,anatomy,True,0.0
E09_s7,7,real,50,astronomy,False,-0.019736842105263164
E09_s7,7,real,50,business_ethics,False,-0.029999999999999916
E09_s7,7,real,50,clinical_knowledge,True,-0.007547169811320753
E09_s7,7,real,50,college_biology,True,-0.00694444444444442
E09_s7,7,real,50,college_chemistry,False,-0.030000000000000027
E09_s7,7,real,50,college_computer_science,False,-0.030000000000000027
E09_s7,7,real,50,college_mathematics,False,0.0
E09_s7,7,real,50,college_medicine,True,0.028901734104046173
E09_s7,7,real,50,college_physics,False,0.02941176470588236
E09_s7,7,real,50,computer_security,False,-0.020000000000000018
E09_s7,7,real,50,conceptual_physics,False,-0.021276595744680882
E09_s7,7,real,50,econometrics,False,-0.07894736842105265
E09_s7,7,real,50,electrical_engineering,False,-0.020689655172413723
E09_s7,7,real,50,elementary_mathematics,False,-0.03439153439153442
E09_s7,7,real,50,formal_logic,False,-0.007936507936507908
E09_s7,7,real,50,global_facts,False,-0.07000000000000006
E09_s7,7,real,50,high_school_biology,False,-0.003225806451612856
E09_s7,7,real,50,high_school_chemistry,False,0.0
E09_s7,7,real,50,high_school_computer_science,False,-0.06000000000000005
E09_s7,7,real,50,high_school_european_history,False,-0.38787878787878793
E09_s7,7,real,50,high_school_geography,False,0.015151515151515138
E09_s7,7,real,50,high_school_government_and_politics,False,-0.01036269430051806
E09_s7,7,real,50,high_school_macroeconomics,False,-0.053846153846153766
E09_s7,7,real,50,high_school_mathematics,False,-0.04814814814814816
E09_s7,7,real,50,high_school_microeconomics,False,-0.021008403361344463
E09_s7,7,real,50,high_school_physics,False,-0.03311258278145701
E09_s7,7,real,50,high_school_psychology,False,-0.007339449541284404
E09_s7,7,real,50,high_school_statistics,False,-0.0185185185185186
E09_s7,7,real,50,high_school_us_history,False,-0.25
E09_s7,7,real,50,high_school_world_history,False,-0.3206751054852321
E09_s7,7,real,50,human_aging,True,0.0
E09_s7,7,real,50,human_sexuality,True,-0.03053435114503822
E09_s7,7,real,50,international_law,False,-0.03305785123966942
E09_s7,7,real,50,jurisprudence,False,0.0
E09_s7,7,real,50,logical_fallacies,False,-0.036809815950920255
E09_s7,7,real,50,machine_learning,False,-0.0535714285714286
E09_s7,7,real,50,management,False,0.019417475728155442
E09_s7,7,real,50,marketing,False,-0.012820512820512775
E09_s7,7,real,50,medical_genetics,True,-0.010000000000000009
E09_s7,7,real,50,miscellaneous,False,-0.026819923371647514
E09_s7,7,real,50,moral_disputes,False,0.014450867052023142
E09_s7,7,real,50,moral_scenarios,False,-0.32625698324022345
E09_s7,7,real,50,nutrition,False,-0.013071895424836555
E09_s7,7,real,50,philosophy,False,-0.06109324758842449
E09_s7,7,real,50,prehistory,False,-0.030864197530864113
E09_s7,7,real,50,professional_accounting,False,-0.0035460992907802025
E09_s7,7,real,50,professional_law,False,-0.07366362451108222
E09_s7,7,real,50,professional_medicine,True,0.011029411764705954
E09_s7,7,real,50,professional_psychology,False,-0.03104575163398693
E09_s7,7,real,50,public_relations,False,-0.018181818181818188
E09_s7,7,real,50,security_studies,False,-0.1959183673469388
E09_s7,7,real,50,sociology,False,-0.014925373134328401
E09_s7,7,real,50,us_foreign_policy,False,0.020000000000000018
E09_s7,7,real,50,virology,True,-0.03614457831325302
E09_s7,7,real,50,world_religions,False,-0.011695906432748537
E10_s7,7,real,100,abstract_algebra,False,-0.08999999999999997
E10_s7,7,real,100,anatomy,True,-0.014814814814814836
E10_s7,7,real,100,astronomy,False,-0.019736842105263164
E10_s7,7,real,100,business_ethics,False,-0.020000000000000018
E10_s7,7,real,100,clinical_knowledge,True,-0.007547169811320753
E10_s7,7,real,100,college_biology,True,-0.00694444444444442
E10_s7,7,real,100,college_chemistry,False,0.0
E10_s7,7,real,100,college_computer_science,False,-0.020000000000000018
E10_s7,7,real,100,college_mathematics,False,-0.040000000000000036
E10_s7,7,real,100,college_medicine,True,0.00578034682080919
E10_s7,7,real,100,college_physics,False,0.009803921568627527
E10_s7,7,real,100,computer_security,False,-0.010000000000000009
E10_s7,7,real,100,conceptual_physics,False,-0.03404255319148941
E10_s7,7,real,100,econometrics,False,-0.08771929824561409
E10_s7,7,real,100,electrical_engineering,False,-0.020689655172413723
E10_s7,7,real,100,elementary_mathematics,False,-0.050264550264550234
E10_s7,7,real,100,formal_logic,False,-0.023809523809523836
E10_s7,7,real,100,global_facts,False,-0.07999999999999996
E10_s7,7,real,100,high_school_biology,False,-0.003225806451612856
E10_s7,7,real,100,high_school_chemistry,False,-0.014778325123152691
E10_s7,7,real,100,high_school_computer_science,False,-0.040000000000000036
E10_s7,7,real,100,high_school_european_history,False,-0.37575757575757573
E10_s7,7,real,100,high_school_geography,False,0.0
E10_s7,7,real,100,high_school_government_and_politics,False,-0.015544041450777146
E10_s7,7,real,100,high_school_macroeconomics,False,-0.05641025641025632
E10_s7,7,real,100,high_school_mathematics,False,-0.04444444444444451
E10_s7,7,real,100,high_school_microeconomics,False,-0.021008403361344463
E10_s7,7,real,100,high_school_physics,False,-0.052980132450331174
E10_s7,7,real,100,high_school_psychology,False,-0.007339449541284404
E10_s7,7,real,100,high_school_statistics,False,-0.02777777777777779
E10_s7,7,real,100,high_school_us_history,False,-0.2450980392156863
E10_s7,7,real,100,high_school_world_history,False,-0.32489451476793246
E10_s7,7,real,100,human_aging,True,0.0
E10_s7,7,real,100,human_sexuality,True,-0.022900763358778664
E10_s7,7,real,100,international_law,False,-0.04132231404958675
E10_s7,7,real,100,jurisprudence,False,0.0
E10_s7,7,real,100,logical_fallacies,False,-0.042944785276073594
E10_s7,7,real,100,machine_learning,False,-0.0267857142857143
E10_s7,7,real,100,management,False,0.019417475728155442
E10_s7,7,real,100,marketing,False,-0.008547008547008517
E10_s7,7,real,100,medical_genetics,True,-0.010000000000000009
E10_s7,7,real,100,miscellaneous,False,-0.03448275862068961
E10_s7,7,real,100,moral_disputes,False,0.011560693641618491
E10_s7,7,real,100,moral_scenarios,False,-0.34636871508379885
E10_s7,7,real,100,nutrition,False,-0.0032679738562091387
E10_s7,7,real,100,philosophy,False,-0.04180064308681675
E10_s7,7,real,100,prehistory,False,-0.01851851851851849
E10_s7,7,real,100,professional_accounting,False,0.007092198581560294
E10_s7,7,real,100,professional_law,False,-0.07757496740547587
E10_s7,7,real,100,professional_medicine,True,0.022058823529411797
E10_s7,7,real,100,professional_psychology,False,-0.022875816993464082
E10_s7,7,real,100,public_relations,False,-0.018181818181818188
E10_s7,7,real,100,security_studies,False,-0.19183673469387752
E10_s7,7,real,100,sociology,False,-0.00497512437810943
E10_s7,7,real,100,us_foreign_policy,False,0.020000000000000018
E10_s7,7,real,100,virology,True,-0.04216867469879515
E10_s7,7,real,100,world_religions,False,0.0
E11_s7,7,endogenous,100,abstract_algebra,False,-0.09999999999999998
E11_s7,7,endogenous,100,anatomy,True,-0.014814814814814836
E11_s7,7,endogenous,100,astronomy,False,-0.046052631578947345
E11_s7,7,endogenous,100,business_ethics,False,-0.039999999999999925
E11_s7,7,endogenous,100,clinical_knowledge,True,-0.007547169811320753
E11_s7,7,endogenous,100,college_biology,True,-0.02083333333333326
E11_s7,7,endogenous,100,college_chemistry,False,-0.020000000000000018
E11_s7,7,endogenous,100,college_computer_science,False,-0.030000000000000027
E11_s7,7,endogenous,100,college_mathematics,False,-0.050000000000000044
E11_s7,7,endogenous,100,college_medicine,True,0.011560693641618491
E11_s7,7,endogenous,100,college_physics,False,-0.009803921568627416
E11_s7,7,endogenous,100,computer_security,False,-0.020000000000000018
E11_s7,7,endogenous,100,conceptual_physics,False,-0.029787234042553234
E11_s7,7,endogenous,100,econometrics,False,-0.07017543859649122
E11_s7,7,endogenous,100,electrical_engineering,False,-0.013793103448275779
E11_s7,7,endogenous,100,elementary_mathematics,False,-0.05820105820105825
E11_s7,7,endogenous,100,formal_logic,False,-0.023809523809523836
E11_s7,7,endogenous,100,global_facts,False,-0.06000000000000005
E11_s7,7,endogenous,100,high_school_biology,False,0.003225806451612967
E11_s7,7,endogenous,100,high_school_chemistry,False,0.0049261083743842304
E11_s7,7,endogenous,100,high_school_computer_science,False,-0.050000000000000044
E11_s7,7,endogenous,100,high_school_european_history,False,-0.38181818181818183
E11_s7,7,endogenous,100,high_school_geography,False,0.0
E11_s7,7,endogenous,100,high_school_government_and_politics,False,-0.015544041450777146
E11_s7,7,endogenous,100,high_school_macroeconomics,False,-0.05641025641025632
E11_s7,7,endogenous,100,high_school_mathematics,False,-0.03703703703703709
E11_s7,7,endogenous,100,high_school_microeconomics,False,-0.01680672268907557
E11_s7,7,endogenous,100,high_school_physics,False,-0.039735099337748325
E11_s7,7,endogenous,100,high_school_psychology,False,-0.014678899082568808
E11_s7,7,endogenous,100,high_school_statistics,False,-0.0185185185185186
E11_s7,7,endogenous,100,high_school_us_history,False,-0.25
E11_s7,7,endogenous,100,high_school_world_history,False,-0.3333333333333333
E11_s7,7,endogenous,100,human_aging,True,-0.013452914798206317
E11_s7,7,endogenous,100,human_sexuality,True,-0.01526717557251911
E11_s7,7,endogenous,100,international_law,False,-0.03305785123966942
E11_s7,7,endogenous,100,jurisprudence,False,0.0
E11_s7,7,endogenous,100,logical_fallacies,False,-0.04907975460122693
E11_s7,7,endogenous,100,machine_learning,False,-0.0625
E11_s7,7,endogenous,100,management,False,-0.009708737864077666
E11_s7,7,endogenous,100,marketing,False,-0.012820512820512775
E11_s7,7,endogenous,100,medical_genetics,True,-0.030000000000000027
E11_s7,7,endogenous,100,miscellaneous,False,-0.03065134099616862
E11_s7,7,endogenous,100,moral_disputes,False,0.0028901734104045396
E11_s7,7,endogenous,100,moral_scenarios,False,-0.32960893854748596
E11_s7,7,endogenous,100,nutrition,False,-0.006535947712418277
E11_s7,7,endogenous,100,philosophy,False,-0.04501607717041811
E11_s7,7,endogenous,100,prehistory,False,-0.006172839506172756
E11_s7,7,endogenous,100,professional_accounting,False,-0.024822695035460973
E11_s7,7,endogenous,100,professional_law,False,-0.08279009126466752
E11_s7,7,endogenous,100,professional_medicine,True,0.03676470588235303
E11_s7,7,endogenous,100,professional_psychology,False,-0.022875816993464082
E11_s7,7,endogenous,100,public_relations,False,-0.027272727272727337
E11_s7,7,endogenous,100,security_studies,False,-0.20408163265306123
E11_s7,7,endogenous,100,sociology,False,-0.009950248756218971
E11_s7,7,endogenous,100,us_foreign_policy,False,0.0
E11_s7,7,endogenous,100,virology,True,-0.01807228915662651
E11_s7,7,endogenous,100,world_religions,False,0.0
